<application>
  <component name="GoSdkList">
    <sdk-path>
      <set>
        <option value="" />
        <option value="$USER_HOME$/.anyenv/envs/goenv/versions/1.10.3" />
        <option value="/usr/local/Cellar/go/1.12.1/libexec" />
        <option value="/usr/local/Cellar/go/1.12.5/libexec" />
        <option value="/usr/local/Cellar/go/1.12.6/libexec" />
        <option value="/usr/local/Cellar/go/1.12.7/libexec" />
        <option value="/usr/local/Cellar/go/1.12.9/libexec" />
        <option value="/usr/local/Cellar/go/1.12/libexec" />
        <option value="/usr/local/Cellar/go/1.13/libexec" />
      </set>
    </sdk-path>
  </component>
</application>