<application>
  <component name="PyTestFrameworkService">
    <option name="SDK_TO_PYTEST">
      <map>
        <entry key="$USER_HOME$/Dropbox/Documents/language/python/keras-anogan/venv/bin/python" value="false" />
        <entry key="$USER_HOME$/Dropbox/Documents/language/python/keras-att-seq2seq/venv/bin/python" value="false" />
        <entry key="$USER_HOME$/Dropbox/Documents/language/python/keras-mobilenet-v2/venv/bin/python" value="false" />
        <entry key="$USER_HOME$/Dropbox/Documents/language/python/keras-resnet/venv/bin/python" value="false" />
        <entry key="/usr/local/bin/python3.7" value="false" />
      </map>
    </option>
    <option name="SDK_TO_NOSETEST">
      <map>
        <entry key="$USER_HOME$/Dropbox/Documents/language/python/keras-anogan/venv/bin/python" value="false" />
        <entry key="$USER_HOME$/Dropbox/Documents/language/python/keras-att-seq2seq/venv/bin/python" value="true" />
        <entry key="$USER_HOME$/Dropbox/Documents/language/python/keras-mobilenet-v2/venv/bin/python" value="false" />
        <entry key="$USER_HOME$/Dropbox/Documents/language/python/keras-resnet/venv/bin/python" value="false" />
        <entry key="/usr/local/bin/python3.7" value="true" />
      </map>
    </option>
    <option name="SDK_TO_TRIALTEST">
      <map>
        <entry key="$USER_HOME$/Dropbox/Documents/language/python/keras-anogan/venv/bin/python" value="false" />
        <entry key="$USER_HOME$/Dropbox/Documents/language/python/keras-att-seq2seq/venv/bin/python" value="false" />
        <entry key="$USER_HOME$/Dropbox/Documents/language/python/keras-mobilenet-v2/venv/bin/python" value="false" />
        <entry key="$USER_HOME$/Dropbox/Documents/language/python/keras-resnet/venv/bin/python" value="false" />
      </map>
    </option>
  </component>
</application>