<application>
  <component name="libraryTable">
    <library name="Elixir 1.6.5">
      <CLASSES>
        <root url="file://$USER_HOME$/.anyenv/envs/exenv/versions/1.6.5/lib/logger/ebin" />
        <root url="file://$USER_HOME$/.anyenv/envs/exenv/versions/1.6.5/lib/elixir/ebin" />
        <root url="file://$USER_HOME$/.anyenv/envs/exenv/versions/1.6.5/lib/ex_unit/ebin" />
        <root url="file://$USER_HOME$/.anyenv/envs/exenv/versions/1.6.5/lib/mix/ebin" />
        <root url="file://$USER_HOME$/.anyenv/envs/exenv/versions/1.6.5/lib/eex/ebin" />
        <root url="file://$USER_HOME$/.anyenv/envs/exenv/versions/1.6.5/lib/iex/ebin" />
      </CLASSES>
      <JAVADOC />
      <SOURCES />
    </library>
    <library name="Python 3.7 (chainer_linebot_excuter) interpreter library">
      <CLASSES>
        <root url="file:///usr/local/Cellar/python/3.7.0/Frameworks/Python.framework/Versions/3.7/lib/python3.7" />
        <root url="file:///usr/local/Cellar/python/3.7.0/Frameworks/Python.framework/Versions/3.7/lib/python3.7/lib-dynload" />
        <root url="file://$USER_HOME$/Dropbox/Documents/language/python/chainer_linebot_excuter/venv/lib/python3.7/site-packages" />
        <root url="jar://$USER_HOME$/Dropbox/Documents/language/python/chainer_linebot_excuter/venv/lib/python3.7/site-packages/setuptools-39.1.0-py3.7.egg!/" />
        <root url="file://$USER_HOME$/Dropbox/Documents/language/python/chainer_linebot_excuter/venv/lib/python3.7/site-packages/pip-10.0.1-py3.7.egg" />
        <root url="file://$USER_HOME$/Library/Caches/IntelliJIdea2018.2/python_stubs/-1325596767" />
        <root url="file://$APPLICATION_PLUGINS_DIR$/python/helpers/python-skeletons" />
        <root url="file://$APPLICATION_PLUGINS_DIR$/python/helpers/typeshed/stdlib/3.4" />
        <root url="file://$APPLICATION_PLUGINS_DIR$/python/helpers/typeshed/stdlib/3" />
        <root url="file://$APPLICATION_PLUGINS_DIR$/python/helpers/typeshed/stdlib/2and3" />
        <root url="file://$APPLICATION_PLUGINS_DIR$/python/helpers/typeshed/third_party/3" />
        <root url="file://$APPLICATION_PLUGINS_DIR$/python/helpers/typeshed/third_party/2and3" />
      </CLASSES>
      <JAVADOC />
      <SOURCES>
        <root url="file:///usr/local/Cellar/python/3.7.0/Frameworks/Python.framework/Versions/3.7/lib/python3.7" />
        <root url="file:///usr/local/Cellar/python/3.7.0/Frameworks/Python.framework/Versions/3.7/lib/python3.7/lib-dynload" />
        <root url="file://$USER_HOME$/Dropbox/Documents/language/python/chainer_linebot_excuter/venv/lib/python3.7/site-packages" />
        <root url="jar://$USER_HOME$/Dropbox/Documents/language/python/chainer_linebot_excuter/venv/lib/python3.7/site-packages/setuptools-39.1.0-py3.7.egg!/" />
        <root url="file://$USER_HOME$/Dropbox/Documents/language/python/chainer_linebot_excuter/venv/lib/python3.7/site-packages/pip-10.0.1-py3.7.egg" />
        <root url="file://$USER_HOME$/Library/Caches/IntelliJIdea2018.2/python_stubs/-1325596767" />
        <root url="file://$APPLICATION_PLUGINS_DIR$/python/helpers/python-skeletons" />
        <root url="file://$APPLICATION_PLUGINS_DIR$/python/helpers/typeshed/stdlib/3.4" />
        <root url="file://$APPLICATION_PLUGINS_DIR$/python/helpers/typeshed/stdlib/3" />
        <root url="file://$APPLICATION_PLUGINS_DIR$/python/helpers/typeshed/stdlib/2and3" />
        <root url="file://$APPLICATION_PLUGINS_DIR$/python/helpers/typeshed/third_party/3" />
        <root url="file://$APPLICATION_PLUGINS_DIR$/python/helpers/typeshed/third_party/2and3" />
      </SOURCES>
    </library>
    <library name="Python 3.7 (gcf_linebot) interpreter library">
      <CLASSES>
        <root url="file:///usr/local/Cellar/python/3.7.0/Frameworks/Python.framework/Versions/3.7/lib/python3.7" />
        <root url="file:///usr/local/Cellar/python/3.7.0/Frameworks/Python.framework/Versions/3.7/lib/python3.7/lib-dynload" />
        <root url="file://$USER_HOME$/Dropbox/Documents/language/python/gcf_linebot/venv/lib/python3.7/site-packages" />
        <root url="jar://$USER_HOME$/Dropbox/Documents/language/python/gcf_linebot/venv/lib/python3.7/site-packages/setuptools-39.1.0-py3.7.egg!/" />
        <root url="file://$USER_HOME$/Dropbox/Documents/language/python/gcf_linebot/venv/lib/python3.7/site-packages/pip-10.0.1-py3.7.egg" />
        <root url="file://$USER_HOME$/Library/Caches/IntelliJIdea2018.2/python_stubs/1801223840" />
        <root url="file://$APPLICATION_PLUGINS_DIR$/python/helpers/python-skeletons" />
        <root url="file://$APPLICATION_PLUGINS_DIR$/python/helpers/typeshed/stdlib/3.4" />
        <root url="file://$APPLICATION_PLUGINS_DIR$/python/helpers/typeshed/stdlib/3" />
        <root url="file://$APPLICATION_PLUGINS_DIR$/python/helpers/typeshed/stdlib/2and3" />
        <root url="file://$APPLICATION_PLUGINS_DIR$/python/helpers/typeshed/third_party/3" />
        <root url="file://$APPLICATION_PLUGINS_DIR$/python/helpers/typeshed/third_party/2and3" />
      </CLASSES>
      <JAVADOC />
      <SOURCES>
        <root url="file:///usr/local/Cellar/python/3.7.0/Frameworks/Python.framework/Versions/3.7/lib/python3.7" />
        <root url="file:///usr/local/Cellar/python/3.7.0/Frameworks/Python.framework/Versions/3.7/lib/python3.7/lib-dynload" />
        <root url="file://$USER_HOME$/Dropbox/Documents/language/python/gcf_linebot/venv/lib/python3.7/site-packages" />
        <root url="jar://$USER_HOME$/Dropbox/Documents/language/python/gcf_linebot/venv/lib/python3.7/site-packages/setuptools-39.1.0-py3.7.egg!/" />
        <root url="file://$USER_HOME$/Dropbox/Documents/language/python/gcf_linebot/venv/lib/python3.7/site-packages/pip-10.0.1-py3.7.egg" />
        <root url="file://$USER_HOME$/Library/Caches/IntelliJIdea2018.2/python_stubs/1801223840" />
        <root url="file://$APPLICATION_PLUGINS_DIR$/python/helpers/python-skeletons" />
        <root url="file://$APPLICATION_PLUGINS_DIR$/python/helpers/typeshed/stdlib/3.4" />
        <root url="file://$APPLICATION_PLUGINS_DIR$/python/helpers/typeshed/stdlib/3" />
        <root url="file://$APPLICATION_PLUGINS_DIR$/python/helpers/typeshed/stdlib/2and3" />
        <root url="file://$APPLICATION_PLUGINS_DIR$/python/helpers/typeshed/third_party/3" />
        <root url="file://$APPLICATION_PLUGINS_DIR$/python/helpers/typeshed/third_party/2and3" />
      </SOURCES>
    </library>
    <library name="Python 3.7 (gcf_slackbot) interpreter library">
      <CLASSES>
        <root url="file:///usr/local/Cellar/python/3.7.0/Frameworks/Python.framework/Versions/3.7/lib/python3.7" />
        <root url="file:///usr/local/Cellar/python/3.7.0/Frameworks/Python.framework/Versions/3.7/lib/python3.7/lib-dynload" />
        <root url="file://$USER_HOME$/Dropbox/Documents/language/python/gcf_slackbot/venv/lib/python3.7/site-packages" />
        <root url="jar://$USER_HOME$/Dropbox/Documents/language/python/gcf_slackbot/venv/lib/python3.7/site-packages/setuptools-39.1.0-py3.7.egg!/" />
        <root url="file://$USER_HOME$/Dropbox/Documents/language/python/gcf_slackbot/venv/lib/python3.7/site-packages/pip-10.0.1-py3.7.egg" />
        <root url="file://$USER_HOME$/Library/Caches/IntelliJIdea2018.2/python_stubs/1783303492" />
        <root url="file://$APPLICATION_PLUGINS_DIR$/python/helpers/python-skeletons" />
        <root url="file://$APPLICATION_PLUGINS_DIR$/python/helpers/typeshed/stdlib/3.4" />
        <root url="file://$APPLICATION_PLUGINS_DIR$/python/helpers/typeshed/stdlib/3" />
        <root url="file://$APPLICATION_PLUGINS_DIR$/python/helpers/typeshed/stdlib/2and3" />
        <root url="file://$APPLICATION_PLUGINS_DIR$/python/helpers/typeshed/third_party/3" />
        <root url="file://$APPLICATION_PLUGINS_DIR$/python/helpers/typeshed/third_party/2and3" />
      </CLASSES>
      <JAVADOC />
      <SOURCES>
        <root url="file:///usr/local/Cellar/python/3.7.0/Frameworks/Python.framework/Versions/3.7/lib/python3.7" />
        <root url="file:///usr/local/Cellar/python/3.7.0/Frameworks/Python.framework/Versions/3.7/lib/python3.7/lib-dynload" />
        <root url="file://$USER_HOME$/Dropbox/Documents/language/python/gcf_slackbot/venv/lib/python3.7/site-packages" />
        <root url="jar://$USER_HOME$/Dropbox/Documents/language/python/gcf_slackbot/venv/lib/python3.7/site-packages/setuptools-39.1.0-py3.7.egg!/" />
        <root url="file://$USER_HOME$/Dropbox/Documents/language/python/gcf_slackbot/venv/lib/python3.7/site-packages/pip-10.0.1-py3.7.egg" />
        <root url="file://$USER_HOME$/Library/Caches/IntelliJIdea2018.2/python_stubs/1783303492" />
        <root url="file://$APPLICATION_PLUGINS_DIR$/python/helpers/python-skeletons" />
        <root url="file://$APPLICATION_PLUGINS_DIR$/python/helpers/typeshed/stdlib/3.4" />
        <root url="file://$APPLICATION_PLUGINS_DIR$/python/helpers/typeshed/stdlib/3" />
        <root url="file://$APPLICATION_PLUGINS_DIR$/python/helpers/typeshed/stdlib/2and3" />
        <root url="file://$APPLICATION_PLUGINS_DIR$/python/helpers/typeshed/third_party/3" />
        <root url="file://$APPLICATION_PLUGINS_DIR$/python/helpers/typeshed/third_party/2and3" />
      </SOURCES>
    </library>
  </component>
</application>