<application>
  <component name="ProjectJdkTable">
    <jdk version="2">
      <name value="Erlang for Elixir 20" />
      <type value="Erlang SDK for Elixir SDK" />
      <version value="20" />
      <homePath value="/usr/local/Cellar/erlang/20.3.6/lib/erlang" />
      <roots>
        <classPath>
          <root type="composite">
            <root url="file:///usr/local/Cellar/erlang/20.3.6/lib/erlang/lib/cosTransactions-1.3.3/ebin" type="simple" />
            <root url="file:///usr/local/Cellar/erlang/20.3.6/lib/erlang/lib/wx-1.8.3/ebin" type="simple" />
            <root url="file:///usr/local/Cellar/erlang/20.3.6/lib/erlang/lib/cosEventDomain-1.2.2/ebin" type="simple" />
            <root url="file:///usr/local/Cellar/erlang/20.3.6/lib/erlang/lib/et-1.6.1/ebin" type="simple" />
            <root url="file:///usr/local/Cellar/erlang/20.3.6/lib/erlang/lib/runtime_tools-1.12.5/ebin" type="simple" />
            <root url="file:///usr/local/Cellar/erlang/20.3.6/lib/erlang/lib/cosNotification-1.2.3/ebin" type="simple" />
            <root url="file:///usr/local/Cellar/erlang/20.3.6/lib/erlang/lib/otp_mibs-1.1.2/ebin" type="simple" />
            <root url="file:///usr/local/Cellar/erlang/20.3.6/lib/erlang/lib/ssh-4.6.9/ebin" type="simple" />
            <root url="file:///usr/local/Cellar/erlang/20.3.6/lib/erlang/lib/parsetools-2.1.6/ebin" type="simple" />
            <root url="file:///usr/local/Cellar/erlang/20.3.6/lib/erlang/lib/erl_interface-3.10.2/ebin" type="simple" />
            <root url="file:///usr/local/Cellar/erlang/20.3.6/lib/erlang/lib/eldap-1.2.3/ebin" type="simple" />
            <root url="file:///usr/local/Cellar/erlang/20.3.6/lib/erlang/lib/diameter-2.1.4/ebin" type="simple" />
            <root url="file:///usr/local/Cellar/erlang/20.3.6/lib/erlang/lib/dialyzer-3.2.4/ebin" type="simple" />
            <root url="file:///usr/local/Cellar/erlang/20.3.6/lib/erlang/lib/tools-2.11.2/ebin" type="simple" />
            <root url="file:///usr/local/Cellar/erlang/20.3.6/lib/erlang/lib/cosFileTransfer-1.2.2/ebin" type="simple" />
            <root url="file:///usr/local/Cellar/erlang/20.3.6/lib/erlang/lib/asn1-5.0.5/ebin" type="simple" />
            <root url="file:///usr/local/Cellar/erlang/20.3.6/lib/erlang/lib/cosEvent-2.2.2/ebin" type="simple" />
            <root url="file:///usr/local/Cellar/erlang/20.3.6/lib/erlang/lib/xmerl-1.3.16/ebin" type="simple" />
            <root url="file:///usr/local/Cellar/erlang/20.3.6/lib/erlang/lib/erl_docgen-0.7.2/ebin" type="simple" />
            <root url="file:///usr/local/Cellar/erlang/20.3.6/lib/erlang/lib/observer-2.7/ebin" type="simple" />
            <root url="file:///usr/local/Cellar/erlang/20.3.6/lib/erlang/lib/crypto-4.2.2/ebin" type="simple" />
            <root url="file:///usr/local/Cellar/erlang/20.3.6/lib/erlang/lib/kernel-5.4.3/ebin" type="simple" />
            <root url="file:///usr/local/Cellar/erlang/20.3.6/lib/erlang/lib/mnesia-4.15.3/ebin" type="simple" />
            <root url="file:///usr/local/Cellar/erlang/20.3.6/lib/erlang/lib/edoc-0.9.2/ebin" type="simple" />
            <root url="file:///usr/local/Cellar/erlang/20.3.6/lib/erlang/lib/common_test-1.15.4/ebin" type="simple" />
            <root url="file:///usr/local/Cellar/erlang/20.3.6/lib/erlang/lib/public_key-1.5.2/ebin" type="simple" />
            <root url="file:///usr/local/Cellar/erlang/20.3.6/lib/erlang/lib/inets-6.5.1/ebin" type="simple" />
            <root url="file:///usr/local/Cellar/erlang/20.3.6/lib/erlang/lib/erts-9.3.1/ebin" type="simple" />
            <root url="file:///usr/local/Cellar/erlang/20.3.6/lib/erlang/lib/syntax_tools-2.1.4/ebin" type="simple" />
            <root url="file:///usr/local/Cellar/erlang/20.3.6/lib/erlang/lib/sasl-3.1.2/ebin" type="simple" />
            <root url="file:///usr/local/Cellar/erlang/20.3.6/lib/erlang/lib/eunit-2.3.5/ebin" type="simple" />
            <root url="file:///usr/local/Cellar/erlang/20.3.6/lib/erlang/lib/reltool-0.7.5/ebin" type="simple" />
            <root url="file:///usr/local/Cellar/erlang/20.3.6/lib/erlang/lib/hipe-3.17.1/ebin" type="simple" />
            <root url="file:///usr/local/Cellar/erlang/20.3.6/lib/erlang/lib/orber-3.8.4/ebin" type="simple" />
            <root url="file:///usr/local/Cellar/erlang/20.3.6/lib/erlang/lib/snmp-5.2.10/ebin" type="simple" />
            <root url="file:///usr/local/Cellar/erlang/20.3.6/lib/erlang/lib/os_mon-2.4.4/ebin" type="simple" />
            <root url="file:///usr/local/Cellar/erlang/20.3.6/lib/erlang/lib/stdlib-3.4.5/ebin" type="simple" />
            <root url="file:///usr/local/Cellar/erlang/20.3.6/lib/erlang/lib/compiler-7.1.5/ebin" type="simple" />
            <root url="file:///usr/local/Cellar/erlang/20.3.6/lib/erlang/lib/megaco-3.18.3/ebin" type="simple" />
            <root url="file:///usr/local/Cellar/erlang/20.3.6/lib/erlang/lib/cosProperty-1.2.3/ebin" type="simple" />
            <root url="file:///usr/local/Cellar/erlang/20.3.6/lib/erlang/lib/ssl-8.2.6/ebin" type="simple" />
            <root url="file:///usr/local/Cellar/erlang/20.3.6/lib/erlang/lib/debugger-4.2.4/ebin" type="simple" />
            <root url="file:///usr/local/Cellar/erlang/20.3.6/lib/erlang/lib/cosTime-1.2.3/ebin" type="simple" />
            <root url="file:///usr/local/Cellar/erlang/20.3.6/lib/erlang/lib/ic-4.4.4/ebin" type="simple" />
          </root>
        </classPath>
        <sourcePath>
          <root type="composite" />
        </sourcePath>
      </roots>
      <additional />
    </jdk>
    <jdk version="2">
      <name value="Elixir 1.6.5" />
      <type value="Elixir SDK" />
      <version value="Elixir 1.6.5" />
      <homePath value="$USER_HOME$/.anyenv/envs/exenv/versions/1.6.5" />
      <roots>
        <classPath>
          <root type="composite">
            <root url="file://$USER_HOME$/.anyenv/envs/exenv/versions/1.6.5/lib/logger/ebin" type="simple" />
            <root url="file://$USER_HOME$/.anyenv/envs/exenv/versions/1.6.5/lib/elixir/ebin" type="simple" />
            <root url="file://$USER_HOME$/.anyenv/envs/exenv/versions/1.6.5/lib/ex_unit/ebin" type="simple" />
            <root url="file://$USER_HOME$/.anyenv/envs/exenv/versions/1.6.5/lib/mix/ebin" type="simple" />
            <root url="file://$USER_HOME$/.anyenv/envs/exenv/versions/1.6.5/lib/eex/ebin" type="simple" />
            <root url="file://$USER_HOME$/.anyenv/envs/exenv/versions/1.6.5/lib/iex/ebin" type="simple" />
            <root url="file:///usr/local/Cellar/erlang/20.3.6/lib/erlang/lib/cosTransactions-1.3.3/ebin" type="simple" />
            <root url="file:///usr/local/Cellar/erlang/20.3.6/lib/erlang/lib/wx-1.8.3/ebin" type="simple" />
            <root url="file:///usr/local/Cellar/erlang/20.3.6/lib/erlang/lib/cosEventDomain-1.2.2/ebin" type="simple" />
            <root url="file:///usr/local/Cellar/erlang/20.3.6/lib/erlang/lib/et-1.6.1/ebin" type="simple" />
            <root url="file:///usr/local/Cellar/erlang/20.3.6/lib/erlang/lib/runtime_tools-1.12.5/ebin" type="simple" />
            <root url="file:///usr/local/Cellar/erlang/20.3.6/lib/erlang/lib/cosNotification-1.2.3/ebin" type="simple" />
            <root url="file:///usr/local/Cellar/erlang/20.3.6/lib/erlang/lib/otp_mibs-1.1.2/ebin" type="simple" />
            <root url="file:///usr/local/Cellar/erlang/20.3.6/lib/erlang/lib/ssh-4.6.9/ebin" type="simple" />
            <root url="file:///usr/local/Cellar/erlang/20.3.6/lib/erlang/lib/parsetools-2.1.6/ebin" type="simple" />
            <root url="file:///usr/local/Cellar/erlang/20.3.6/lib/erlang/lib/erl_interface-3.10.2/ebin" type="simple" />
            <root url="file:///usr/local/Cellar/erlang/20.3.6/lib/erlang/lib/eldap-1.2.3/ebin" type="simple" />
            <root url="file:///usr/local/Cellar/erlang/20.3.6/lib/erlang/lib/diameter-2.1.4/ebin" type="simple" />
            <root url="file:///usr/local/Cellar/erlang/20.3.6/lib/erlang/lib/dialyzer-3.2.4/ebin" type="simple" />
            <root url="file:///usr/local/Cellar/erlang/20.3.6/lib/erlang/lib/tools-2.11.2/ebin" type="simple" />
            <root url="file:///usr/local/Cellar/erlang/20.3.6/lib/erlang/lib/cosFileTransfer-1.2.2/ebin" type="simple" />
            <root url="file:///usr/local/Cellar/erlang/20.3.6/lib/erlang/lib/asn1-5.0.5/ebin" type="simple" />
            <root url="file:///usr/local/Cellar/erlang/20.3.6/lib/erlang/lib/cosEvent-2.2.2/ebin" type="simple" />
            <root url="file:///usr/local/Cellar/erlang/20.3.6/lib/erlang/lib/xmerl-1.3.16/ebin" type="simple" />
            <root url="file:///usr/local/Cellar/erlang/20.3.6/lib/erlang/lib/erl_docgen-0.7.2/ebin" type="simple" />
            <root url="file:///usr/local/Cellar/erlang/20.3.6/lib/erlang/lib/observer-2.7/ebin" type="simple" />
            <root url="file:///usr/local/Cellar/erlang/20.3.6/lib/erlang/lib/crypto-4.2.2/ebin" type="simple" />
            <root url="file:///usr/local/Cellar/erlang/20.3.6/lib/erlang/lib/kernel-5.4.3/ebin" type="simple" />
            <root url="file:///usr/local/Cellar/erlang/20.3.6/lib/erlang/lib/mnesia-4.15.3/ebin" type="simple" />
            <root url="file:///usr/local/Cellar/erlang/20.3.6/lib/erlang/lib/edoc-0.9.2/ebin" type="simple" />
            <root url="file:///usr/local/Cellar/erlang/20.3.6/lib/erlang/lib/common_test-1.15.4/ebin" type="simple" />
            <root url="file:///usr/local/Cellar/erlang/20.3.6/lib/erlang/lib/public_key-1.5.2/ebin" type="simple" />
            <root url="file:///usr/local/Cellar/erlang/20.3.6/lib/erlang/lib/inets-6.5.1/ebin" type="simple" />
            <root url="file:///usr/local/Cellar/erlang/20.3.6/lib/erlang/lib/erts-9.3.1/ebin" type="simple" />
            <root url="file:///usr/local/Cellar/erlang/20.3.6/lib/erlang/lib/syntax_tools-2.1.4/ebin" type="simple" />
            <root url="file:///usr/local/Cellar/erlang/20.3.6/lib/erlang/lib/sasl-3.1.2/ebin" type="simple" />
            <root url="file:///usr/local/Cellar/erlang/20.3.6/lib/erlang/lib/eunit-2.3.5/ebin" type="simple" />
            <root url="file:///usr/local/Cellar/erlang/20.3.6/lib/erlang/lib/reltool-0.7.5/ebin" type="simple" />
            <root url="file:///usr/local/Cellar/erlang/20.3.6/lib/erlang/lib/hipe-3.17.1/ebin" type="simple" />
            <root url="file:///usr/local/Cellar/erlang/20.3.6/lib/erlang/lib/orber-3.8.4/ebin" type="simple" />
            <root url="file:///usr/local/Cellar/erlang/20.3.6/lib/erlang/lib/snmp-5.2.10/ebin" type="simple" />
            <root url="file:///usr/local/Cellar/erlang/20.3.6/lib/erlang/lib/os_mon-2.4.4/ebin" type="simple" />
            <root url="file:///usr/local/Cellar/erlang/20.3.6/lib/erlang/lib/stdlib-3.4.5/ebin" type="simple" />
            <root url="file:///usr/local/Cellar/erlang/20.3.6/lib/erlang/lib/compiler-7.1.5/ebin" type="simple" />
            <root url="file:///usr/local/Cellar/erlang/20.3.6/lib/erlang/lib/megaco-3.18.3/ebin" type="simple" />
            <root url="file:///usr/local/Cellar/erlang/20.3.6/lib/erlang/lib/cosProperty-1.2.3/ebin" type="simple" />
            <root url="file:///usr/local/Cellar/erlang/20.3.6/lib/erlang/lib/ssl-8.2.6/ebin" type="simple" />
            <root url="file:///usr/local/Cellar/erlang/20.3.6/lib/erlang/lib/debugger-4.2.4/ebin" type="simple" />
            <root url="file:///usr/local/Cellar/erlang/20.3.6/lib/erlang/lib/cosTime-1.2.3/ebin" type="simple" />
            <root url="file:///usr/local/Cellar/erlang/20.3.6/lib/erlang/lib/ic-4.4.4/ebin" type="simple" />
          </root>
        </classPath>
        <sourcePath>
          <root type="composite">
            <root url="file://$USER_HOME$/.anyenv/envs/exenv/versions/1.6.5/lib/logger/lib" type="simple" />
            <root url="file://$USER_HOME$/.anyenv/envs/exenv/versions/1.6.5/lib/elixir/lib" type="simple" />
            <root url="file://$USER_HOME$/.anyenv/envs/exenv/versions/1.6.5/lib/ex_unit/lib" type="simple" />
            <root url="file://$USER_HOME$/.anyenv/envs/exenv/versions/1.6.5/lib/mix/lib" type="simple" />
            <root url="file://$USER_HOME$/.anyenv/envs/exenv/versions/1.6.5/lib/eex/lib" type="simple" />
            <root url="file://$USER_HOME$/.anyenv/envs/exenv/versions/1.6.5/lib/iex/lib" type="simple" />
          </root>
        </sourcePath>
      </roots>
      <additional />
    </jdk>
    <jdk version="2">
      <name value="1.8" />
      <type value="JavaSDK" />
      <version value="1.8" />
      <homePath value="/Library/Java/JavaVirtualMachines/jdk1.8.0_172.jdk/Contents/Home" />
      <roots>
        <classPath>
          <root type="composite">
            <root url="jar:///Library/Java/JavaVirtualMachines/jdk1.8.0_172.jdk/Contents/Home/jre/lib/charsets.jar!/" type="simple" />
            <root url="jar:///Library/Java/JavaVirtualMachines/jdk1.8.0_172.jdk/Contents/Home/jre/lib/deploy.jar!/" type="simple" />
            <root url="jar:///Library/Java/JavaVirtualMachines/jdk1.8.0_172.jdk/Contents/Home/jre/lib/ext/cldrdata.jar!/" type="simple" />
            <root url="jar:///Library/Java/JavaVirtualMachines/jdk1.8.0_172.jdk/Contents/Home/jre/lib/ext/dnsns.jar!/" type="simple" />
            <root url="jar:///Library/Java/JavaVirtualMachines/jdk1.8.0_172.jdk/Contents/Home/jre/lib/ext/jaccess.jar!/" type="simple" />
            <root url="jar:///Library/Java/JavaVirtualMachines/jdk1.8.0_172.jdk/Contents/Home/jre/lib/ext/jfxrt.jar!/" type="simple" />
            <root url="jar:///Library/Java/JavaVirtualMachines/jdk1.8.0_172.jdk/Contents/Home/jre/lib/ext/localedata.jar!/" type="simple" />
            <root url="jar:///Library/Java/JavaVirtualMachines/jdk1.8.0_172.jdk/Contents/Home/jre/lib/ext/nashorn.jar!/" type="simple" />
            <root url="jar:///Library/Java/JavaVirtualMachines/jdk1.8.0_172.jdk/Contents/Home/jre/lib/ext/sunec.jar!/" type="simple" />
            <root url="jar:///Library/Java/JavaVirtualMachines/jdk1.8.0_172.jdk/Contents/Home/jre/lib/ext/sunjce_provider.jar!/" type="simple" />
            <root url="jar:///Library/Java/JavaVirtualMachines/jdk1.8.0_172.jdk/Contents/Home/jre/lib/ext/sunpkcs11.jar!/" type="simple" />
            <root url="jar:///Library/Java/JavaVirtualMachines/jdk1.8.0_172.jdk/Contents/Home/jre/lib/ext/zipfs.jar!/" type="simple" />
            <root url="jar:///Library/Java/JavaVirtualMachines/jdk1.8.0_172.jdk/Contents/Home/jre/lib/javaws.jar!/" type="simple" />
            <root url="jar:///Library/Java/JavaVirtualMachines/jdk1.8.0_172.jdk/Contents/Home/jre/lib/jce.jar!/" type="simple" />
            <root url="jar:///Library/Java/JavaVirtualMachines/jdk1.8.0_172.jdk/Contents/Home/jre/lib/jfr.jar!/" type="simple" />
            <root url="jar:///Library/Java/JavaVirtualMachines/jdk1.8.0_172.jdk/Contents/Home/jre/lib/jfxswt.jar!/" type="simple" />
            <root url="jar:///Library/Java/JavaVirtualMachines/jdk1.8.0_172.jdk/Contents/Home/jre/lib/jsse.jar!/" type="simple" />
            <root url="jar:///Library/Java/JavaVirtualMachines/jdk1.8.0_172.jdk/Contents/Home/jre/lib/management-agent.jar!/" type="simple" />
            <root url="jar:///Library/Java/JavaVirtualMachines/jdk1.8.0_172.jdk/Contents/Home/jre/lib/plugin.jar!/" type="simple" />
            <root url="jar:///Library/Java/JavaVirtualMachines/jdk1.8.0_172.jdk/Contents/Home/jre/lib/resources.jar!/" type="simple" />
            <root url="jar:///Library/Java/JavaVirtualMachines/jdk1.8.0_172.jdk/Contents/Home/jre/lib/rt.jar!/" type="simple" />
            <root url="jar:///Library/Java/JavaVirtualMachines/jdk1.8.0_172.jdk/Contents/Home/lib/ant-javafx.jar!/" type="simple" />
            <root url="jar:///Library/Java/JavaVirtualMachines/jdk1.8.0_172.jdk/Contents/Home/lib/dt.jar!/" type="simple" />
            <root url="jar:///Library/Java/JavaVirtualMachines/jdk1.8.0_172.jdk/Contents/Home/lib/javafx-mx.jar!/" type="simple" />
            <root url="jar:///Library/Java/JavaVirtualMachines/jdk1.8.0_172.jdk/Contents/Home/lib/jconsole.jar!/" type="simple" />
            <root url="jar:///Library/Java/JavaVirtualMachines/jdk1.8.0_172.jdk/Contents/Home/lib/packager.jar!/" type="simple" />
            <root url="jar:///Library/Java/JavaVirtualMachines/jdk1.8.0_172.jdk/Contents/Home/lib/sa-jdi.jar!/" type="simple" />
            <root url="jar:///Library/Java/JavaVirtualMachines/jdk1.8.0_172.jdk/Contents/Home/lib/tools.jar!/" type="simple" />
          </root>
        </classPath>
        <sourcePath>
          <root type="composite">
            <root url="jar:///Library/Java/JavaVirtualMachines/jdk1.8.0_172.jdk/Contents/Home/src.zip!/" type="simple" />
            <root url="jar:///Library/Java/JavaVirtualMachines/jdk1.8.0_172.jdk/Contents/Home/javafx-src.zip!/" type="simple" />
          </root>
        </sourcePath>
      </roots>
      <additional />
    </jdk>
    <jdk version="2">
      <name value="Remote Python 3.6.6 Docker Compose (api at [/Users/matken/Dropbox/GitHub/starworlds/starworlds-server/docker-compose.dev.yml])" />
      <type value="Python SDK" />
      <version value="Python 3.6.6" />
      <homePath value="docker-compose://[/Users/matken/Dropbox/GitHub/starworlds/starworlds-server/docker-compose.dev.yml]:api/python" />
      <roots>
        <classPath>
          <root type="composite">
            <root url="file://$USER_HOME$/Library/Caches/PyCharm2019.3/remote_sources/-222789372/249573927" type="simple" />
            <root url="file://$USER_HOME$/Library/Caches/PyCharm2019.3/remote_sources/-222789372/-337502517" type="simple" />
            <root url="file://$USER_HOME$/Library/Caches/PyCharm2019.3/python_stubs/-222789372" type="simple" />
            <root url="file://$APPLICATION_HOME_DIR$/plugins/python/helpers/python-skeletons" type="simple" />
            <root url="file://$APPLICATION_HOME_DIR$/plugins/python/helpers/typeshed/stdlib/3" type="simple" />
            <root url="file://$APPLICATION_HOME_DIR$/plugins/python/helpers/typeshed/stdlib/2and3" type="simple" />
            <root url="file://$APPLICATION_HOME_DIR$/plugins/python/helpers/typeshed/third_party/3" type="simple" />
            <root url="file://$APPLICATION_HOME_DIR$/plugins/python/helpers/typeshed/third_party/2and3" type="simple" />
          </root>
        </classPath>
        <sourcePath>
          <root type="composite" />
        </sourcePath>
      </roots>
      <additional INTERPRETER_PATH="python" HELPERS_PATH="/opt/.pycharm_helpers" INITIALIZED="false" VALID="true" RUN_AS_ROOT_VIA_SUDO="false" SKELETONS_PATH="" VERSION="" DOCKER_ACCOUNT_NAME="Docker" DOCKER_COMPOSE_SERVICE_NAME="api" DOCKER_REMOTE_PROJECT_PATH="/opt/project">
        <PathMappingSettings>
          <option name="pathMappings">
            <list>
              <mapping local-root="$USER_HOME$/Library/Caches/PyCharm2019.3/remote_sources/-222789372/249573927" remote-root="/usr/local/lib/python3.6" />
              <mapping local-root="$USER_HOME$/Library/Caches/PyCharm2019.3/remote_sources/-222789372/-337502517" remote-root="/usr/local/lib/python3.6/site-packages" />
            </list>
          </option>
        </PathMappingSettings>
        <dockerComposeConfigurationPaths>
          <item value="$USER_HOME$/Dropbox/GitHub/starworlds/starworlds-server/docker-compose.dev.yml" />
        </dockerComposeConfigurationPaths>
        <envs />
      </additional>
    </jdk>
    <jdk version="2">
      <name value="Python 3.8" />
      <type value="Python SDK" />
      <homePath value="/usr/local/bin/python3" />
      <roots>
        <classPath>
          <root type="composite">
            <root url="file:///usr/local/Cellar/python@3.9/3.9.0_3/Frameworks/Python.framework/Versions/3.9/lib/python3.9" type="simple" />
            <root url="file:///usr/local/Cellar/python@3.9/3.9.0_3/Frameworks/Python.framework/Versions/3.9/lib/python3.9/lib-dynload" type="simple" />
            <root url="file:///usr/local/lib/python3.9/site-packages" type="simple" />
            <root url="file://$USER_HOME$/Library/Caches/JetBrains/PyCharm2020.3/python_stubs/1437855905" type="simple" />
            <root url="file://$APPLICATION_HOME_DIR$/plugins/python/helpers/python-skeletons" type="simple" />
            <root url="file://$APPLICATION_HOME_DIR$/plugins/python/helpers/typeshed/stdlib/3.9" type="simple" />
            <root url="file://$APPLICATION_HOME_DIR$/plugins/python/helpers/typeshed/stdlib/3.7" type="simple" />
            <root url="file://$APPLICATION_HOME_DIR$/plugins/python/helpers/typeshed/stdlib/3" type="simple" />
            <root url="file://$APPLICATION_HOME_DIR$/plugins/python/helpers/typeshed/stdlib/2and3" type="simple" />
            <root url="file://$APPLICATION_HOME_DIR$/plugins/python/helpers/typeshed/third_party/3" type="simple" />
            <root url="file://$APPLICATION_HOME_DIR$/plugins/python/helpers/typeshed/third_party/2and3" type="simple" />
          </root>
        </classPath>
        <sourcePath>
          <root type="composite" />
        </sourcePath>
      </roots>
      <additional />
    </jdk>
  </component>
</application>