<application>
  <component name="FileTypeManager" version="18">
    <extensionMap>
      <mapping pattern=".fetch" type="PLAIN_TEXT" />
      <mapping pattern="Makefile2" type="PLAIN_TEXT" />
      <mapping pattern=".cargo-lock" type="PLAIN_TEXT" />
      <mapping ext="dat" type="PLAIN_TEXT" />
      <mapping ext="gcno" type="PLAIN_TEXT" />
      <mapping pattern="pre-commit" type="Shell Script" />
      <removed_mapping ext="bat" approved="true" type="PLAIN_TEXT" />
      <removed_mapping ext="cmd" approved="true" type="PLAIN_TEXT" />
      <removed_mapping ext="dockerfile" approved="true" type="textmate" />
      <removed_mapping ext="log" approved="true" type="PLAIN_TEXT" />
      <removed_mapping ext="makefile" approved="true" type="textmate" />
      <removed_mapping ext="pl" approved="true" type="textmate" />
      <removed_mapping ext="snakefile" approved="true" type="textmate" />
      <removed_mapping pattern="Makefile" approved="true" type="PLAIN_TEXT" />
    </extensionMap>
  </component>
</application>